{
  "Link Color" : {
    "Red Component" : 0,
    "Color Space" : "sRGB",
    "Blue Component" : 0.73423302173614502,
    "Alpha Component" : 1,
    "Green Component" : 0.35916060209274292
  },
  "Tags" : [

  ],
  "Ansi 12 Color" : {
    "Green Component" : 0.420734703540802,
    "Red Component" : 0.29605811834335327,
    "Blue Component" : 0.53338390588760376
  },
  "Ansi 7 Color" : {
    "Green Component" : 0.72398024797439575,
    "Red Component" : 0.7101062536239624,
    "Blue Component" : 0.71428978443145752
  },
  "Ansi 8 Color" : {
    "Green Component" : 0.12020024657249451,
    "Red Component" : 0.11482735723257065,
    "Blue Component" : 0.13228283822536469
  },
  "Bold Color" : {
    "Green Component" : 0.73781722784042358,
    "Red Component" : 0.71933764219284058,
    "Blue Component" : 0.72798359394073486
  },
  "Ansi 9 Color" : {
    "Green Component" : 0.17900724709033966,
    "Red Component" : 0.5527348518371582,
    "Blue Component" : 0.19629062712192535
  },
  "Ansi 1 Color" : {
    "Green Component" : 0.30211547020000001,
    "Red Component" : 0.72003227469999997,
    "Blue Component" : 0.31569483879999999
  },
  "Custom Directory" : "No",
  "Rows" : 25,
  "Default Bookmark" : "No",
  "Cursor Guide Color" : {
    "Red Component" : 0.70213186740875244,
    "Color Space" : "sRGB",
    "Blue Component" : 1,
    "Alpha Component" : 0.25,
    "Green Component" : 0.9268307089805603
  },
  "Non-ASCII Anti Aliased" : true,
  "Use Bright Bold" : true,
  "Ansi 10 Color" : {
    "Green Component" : 0.51726025340000004,
    "Red Component" : 0.47279784079999998,
    "Blue Component" : 0.1934914291
  },
  "Ambiguous Double Width" : false,
  "Jobs to Ignore" : [
    "rlogin",
    "ssh",
    "slogin",
    "telnet"
  ],
  "Ansi 15 Color" : {
    "Green Component" : 0.38266518712043762,
    "Red Component" : 0.35304740071296692,
    "Blue Component" : 0.41454979777336121
  },
  "Foreground Color" : {
    "Green Component" : 0.73781722784042358,
    "Red Component" : 0.71933764219284058,
    "Blue Component" : 0.72798359394073486
  },
  "Working Directory" : "\/Users\/yuka.tsuboi",
  "Blinking Cursor" : false,
  "Disable Window Resizing" : true,
  "Sync Title" : false,
  "Prompt Before Closing 2" : false,
  "BM Growl" : false,
  "Command" : "",
  "Description" : "Default",
  "Mouse Reporting" : true,
  "Screen" : -1,
  "Selection Color" : {
    "Green Component" : 0.12312769144773483,
    "Red Component" : 0.11772145330905914,
    "Blue Component" : 0.13528014719486237
  },
  "Columns" : 80,
  "Idle Code" : 0,
  "Ansi 13 Color" : {
    "Green Component" : 0.31322062015533447,
    "Red Component" : 0.43185719847679138,
    "Blue Component" : 0.47512847185134888
  },
  "Custom Command" : "No",
  "ASCII Anti Aliased" : true,
  "Non Ascii Font" : "Monaco 12",
  "Vertical Spacing" : 1,
  "Use Bold Font" : true,
  "Option Key Sends" : 0,
  "Selected Text Color" : {
    "Green Component" : 0.73781722784042358,
    "Red Component" : 0.71933764219284058,
    "Blue Component" : 0.72798359394073486
  },
  "Background Color" : {
    "Green Component" : 0.092142701148986816,
    "Red Component" : 0.086937598884105682,
    "Blue Component" : 0.097707755863666534
  },
  "Character Encoding" : 4,
  "Ansi 11 Color" : {
    "Green Component" : 0.53968650100000004,
    "Red Component" : 0.8995583653,
    "Blue Component" : 0.31311613319999998
  },
  "Use Italic Font" : true,
  "Unlimited Scrollback" : false,
  "Keyboard Map" : {
    "0xf700-0x260000" : {
      "Text" : "[1;6A",
      "Action" : 10
    },
    "0x37-0x40000" : {
      "Text" : "0x1f",
      "Action" : 11
    },
    "0x32-0x40000" : {
      "Text" : "0x00",
      "Action" : 11
    },
    "0xf709-0x20000" : {
      "Text" : "[17;2~",
      "Action" : 10
    },
    "0xf70c-0x20000" : {
      "Text" : "[20;2~",
      "Action" : 10
    },
    "0xf729-0x20000" : {
      "Text" : "[1;2H",
      "Action" : 10
    },
    "0xf72b-0x40000" : {
      "Text" : "[1;5F",
      "Action" : 10
    },
    "0xf705-0x20000" : {
      "Text" : "[1;2Q",
      "Action" : 10
    },
    "0xf703-0x260000" : {
      "Text" : "[1;6C",
      "Action" : 10
    },
    "0xf700-0x220000" : {
      "Text" : "[1;2A",
      "Action" : 10
    },
    "0xf701-0x280000" : {
      "Text" : "0x1b 0x1b 0x5b 0x42",
      "Action" : 11
    },
    "0x38-0x40000" : {
      "Text" : "0x7f",
      "Action" : 11
    },
    "0x33-0x40000" : {
      "Text" : "0x1b",
      "Action" : 11
    },
    "0xf703-0x220000" : {
      "Text" : "[1;2C",
      "Action" : 10
    },
    "0xf701-0x240000" : {
      "Text" : "[1;5B",
      "Action" : 10
    },
    "0xf70d-0x20000" : {
      "Text" : "[21;2~",
      "Action" : 10
    },
    "0xf702-0x260000" : {
      "Text" : "[1;6D",
      "Action" : 10
    },
    "0xf729-0x40000" : {
      "Text" : "[1;5H",
      "Action" : 10
    },
    "0xf706-0x20000" : {
      "Text" : "[1;2R",
      "Action" : 10
    },
    "0x34-0x40000" : {
      "Text" : "0x1c",
      "Action" : 11
    },
    "0xf700-0x280000" : {
      "Text" : "0x1b 0x1b 0x5b 0x41",
      "Action" : 11
    },
    "0x2d-0x40000" : {
      "Text" : "0x1f",
      "Action" : 11
    },
    "0xf70e-0x20000" : {
      "Text" : "[23;2~",
      "Action" : 10
    },
    "0xf702-0x220000" : {
      "Text" : "[1;2D",
      "Action" : 10
    },
    "0xf703-0x280000" : {
      "Text" : "0x1b 0x1b 0x5b 0x43",
      "Action" : 11
    },
    "0x3b-0x100000-0x29" : {
      "Label" : "",
      "Text" : "Make Text Bigger\nMake Text Bigger",
      "Action" : 25
    },
    "0xf700-0x240000" : {
      "Text" : "[1;5A",
      "Action" : 10
    },
    "0xf707-0x20000" : {
      "Text" : "[1;2S",
      "Action" : 10
    },
    "0xf70a-0x20000" : {
      "Text" : "[18;2~",
      "Action" : 10
    },
    "0x35-0x40000" : {
      "Text" : "0x1d",
      "Action" : 11
    },
    "0xf70f-0x20000" : {
      "Text" : "[24;2~",
      "Action" : 10
    },
    "0xf703-0x240000" : {
      "Text" : "[1;5C",
      "Action" : 10
    },
    "0xf701-0x260000" : {
      "Text" : "[1;6B",
      "Action" : 10
    },
    "0xf702-0x280000" : {
      "Text" : "0x1b 0x1b 0x5b 0x44",
      "Action" : 11
    },
    "0xf72b-0x20000" : {
      "Text" : "[1;2F",
      "Action" : 10
    },
    "0x36-0x40000" : {
      "Text" : "0x1e",
      "Action" : 11
    },
    "0xf708-0x20000" : {
      "Text" : "[15;2~",
      "Action" : 10
    },
    "0xf701-0x220000" : {
      "Text" : "[1;2B",
      "Action" : 10
    },
    "0xf70b-0x20000" : {
      "Text" : "[19;2~",
      "Action" : 10
    },
    "0xf702-0x240000" : {
      "Text" : "[1;5D",
      "Action" : 10
    },
    "0xf704-0x20000" : {
      "Text" : "[1;2P",
      "Action" : 10
    }
  },
  "Window Type" : 0,
  "Background Image Location" : "",
  "Blur" : false,
  "Badge Color" : {
    "Red Component" : 1,
    "Color Space" : "sRGB",
    "Blue Component" : 0,
    "Alpha Component" : 0.5,
    "Green Component" : 0.1491314172744751
  },
  "Scrollback Lines" : 1000,
  "Send Code When Idle" : false,
  "Close Sessions On End" : true,
  "Terminal Type" : "xterm-256color",
  "Visual Bell" : false,
  "Flashing Bell" : false,
  "Silence Bell" : false,
  "Ansi 14 Color" : {
    "Green Component" : 0.48341637849807739,
    "Red Component" : 0.30198413133621216,
    "Blue Component" : 0.45474731922149658
  },
  "Name" : "Default",
  "Cursor Text Color" : {
    "Green Component" : 0.12312769144773483,
    "Red Component" : 0.11772145330905914,
    "Blue Component" : 0.13528014719486237
  },
  "Shortcut" : "",
  "Cursor Color" : {
    "Green Component" : 0.73781722784042358,
    "Red Component" : 0.71933764219284058,
    "Blue Component" : 0.72798359394073486
  },
  "Ansi 0 Color" : {
    "Green Component" : 0.1818026602268219,
    "Red Component" : 0.1665644645690918,
    "Blue Component" : 0.20179691910743713
  },
  "Transparency" : 0,
  "Guid" : "870E0AF5-07DB-444C-A052-A8446168C40A",
  "Ansi 3 Color" : {
    "Green Component" : 0.71015834808349609,